alpha,accuracy
0.01,0.725752508361204
0.05,0.7357859531772575
0.1,0.7474916387959866
0.2,0.7491638795986622
0.5,0.7324414715719063
1.0,0.6872909698996655
2.0,0.5819397993311036
5.0,0.38294314381270905