alpha,accuracy
0.01,0.719063545
0.05,0.737458194
0.1,0.737458194
0.2,0.732441472
0.5,0.7090301
1,0.678929766
2,0.575250836
5,0.377926421